id,first_name,last_name
1,Michal,Andrieu
2,Dallas,Larratt
3,Megen,Birtle
4,Dennison,Novotne
5,Trefor,Dorton
6,Clemmie,Fentem
7,Zaneta,Bloor
8,Gladi,Kwietak
9,Leoine,Geraudy
10,Angie,Boman
11,Gregory,Booton
12,Penn,Fargher
13,Tonie,Iacopini
14,Forrest,Stenning
15,Leonidas,Carpe
16,Emanuel,Exell
17,Keelia,Sautter
18,Joe,Overshott
19,Arley,Dimmer
20,Mollee,Bearn
21,Sheila-kathryn,Willcott
22,Hillyer,Connochie
23,Tina,McNerlin
24,Ara,Halford
25,Vito,Summerell
26,Obed,Kundt
27,Pia,Hallewell
28,Olivie,Lambdin
29,Nap,Goodredge
30,Angelique,Huccaby
31,Nola,Simcock
32,Kipp,Darbishire
33,Carin,Melior
34,Yanaton,Hegge
35,Franny,Uden
36,Brucie,Whittall
37,Marga,Pepperill
38,Selia,Mannin
39,Elysee,Cesco
40,Genna,Bernon
41,Silvana,Cruddas
42,Latashia,Gorman
43,Lyon,McLinden
44,Jeralee,Boakes
45,Jedidiah,Scotson
46,Keary,Sibbet
47,Jeremy,Dashper
48,Gran,Domegan
49,Alla,O'Carran
50,Trevor,Cleeve
51,Sharity,Ducroe
52,Raynell,Stollwerk
53,Aubrey,Edgerley
54,Giraud,Rawle
55,Andria,Balducci
56,Nanice,Petruszka
57,Hakeem,Huton
58,Orrin,Rolf
59,Livy,Nice
60,Efrem,Wehden
61,Jessie,Sheron
62,Hillary,Drakard
63,Gerhardt,Geere
64,Margy,Bedell
65,Cristionna,MacCulloch
66,Dennie,Mustin
67,Corilla,Kitchenham
68,Wendall,Shackel
69,Idell,Jesse
70,Cristobal,Kennham
71,Brooke,Comerford
72,Karoly,Dagleas
73,Darn,Philippault
74,Deborah,Simeon
75,Wendi,Orteu
76,Aline,Joesbury
77,Rodger,Cheshir
78,Ammamaria,Gowman
79,Elise,Sidwick
80,Costa,Boagey
81,Ophelia,McEntagart
82,Hill,Dickings
83,Bengt,McGunley
84,Montague,Morphet
85,Vinita,Hallock
86,Ransell,Brimilcombe
87,Rock,Jillings
88,Sherwynd,Crossan
89,Immanuel,Espino
90,Andree,Spurdens
91,Ruby,Bruck
92,Vanna,Manuel
93,Lionel,Gallehock
94,Alysa,Sappell
95,Petr,Bickley
96,Cicely,Czajkowska
97,Anjanette,Godwin
98,Rosemarie,Michele
99,Kerrin,Tidey
100,Pansy,Burrell
101,Guinna,Lorroway
102,Bary,Leney
103,Bonita,Mateos
104,Lemmie,Melsome
105,Madelaine,Widmoor
106,Maribeth,Seater
107,Hamish,Macrae
108,Julianna,Kindred
109,Hannie,Tetsall
110,Leigh,Vellden
111,Boycie,Gurnell
112,Heinrick,Rosenfeld
113,Sander,Cluitt
114,Viviene,Hartnup
115,Milena,Fairpool
116,Cayla,Wimes
117,Sherlocke,Mathelin
118,Burnard,Clausner
119,Berkeley,Isac
120,Lurleen,de Merida
121,Robinson,Antonich
122,Preston,Jamme
123,Conan,Pyburn
124,Lorinda,Pascall
125,Miranda,Dackombe
126,Les,Broker
127,Amber,Benham
128,Theodoric,Gregg
129,Janette,Prisk
130,Freemon,Risebarer
131,Arny,Muggeridge
132,Malvin,Wasmer
133,Lee,Perceval
134,Christa,Ascroft
135,Mahalia,Faragan
136,Ajay,Emblow
137,Kirby,Claricoates
138,Imogene,Tschirasche
139,Tadd,De Filippo
140,Brandea,Davidson
141,Errick,McClaren
142,Lolita,MacCallester
143,Clara,Bestar
144,Frederique,Fairburn
145,Faustine,Bricham
146,Shelia,Everwin
147,Mikol,Marnes
148,Lizbeth,Gosnell
149,Georgia,Filippello
150,Woody,Mazin
151,Auguste,Nunes Nabarro
152,Kyle,Girardot
153,Hermie,Rennick
154,Emmy,O'Nolan
155,Arty,Easter
156,Marty,Tathacott
157,Warren,Brabham
158,Kaleena,Truscott
159,Ezra,Hinchon
160,Gwendolin,Shovelton
161,Zebulen,Galler
162,Pate,Gabe
163,Ingemar,Quail
164,Chryste,Brundrett
165,Veradis,Bowcock
166,Llewellyn,Danielou
167,Leshia,Rogier
168,Nathanil,Clemendet
169,Lexis,Gettens
170,Lammond,Woodland
171,Ephraim,McBrier
172,Anastassia,Runcieman
173,Pascal,Dorrins
174,Sherry,Jime
175,Elysha,Locker
176,Aldric,Bentham3
177,Susanne,Baus
178,Rozalie,Starie
179,Maximilian,Halls
180,Essie,Greep
181,Findley,Reyburn
182,Bram,Downie
183,Theodor,Jacquot
184,Therine,Templman
185,Maxwell,Dibden
186,Rodi,Creane
187,Kristine,Stait
188,Anton,Gilphillan
189,Cully,Lanfranchi
190,Margie,Joder
191,Bat,Gelland
192,Emmey,Birkett
193,Lotty,Windless
194,Bobby,Mayall
195,Thacher,Dikes
196,Ermengarde,Berka
197,Gavrielle,Grimme
198,Bent,Conti
199,Kacie,Schenfisch
200,Tremaine,McAvinchey
201,Barny,Swanson
202,Sharona,Jacobssen
203,Barnebas,Ferrieroi
204,Malcolm,Brixey
205,Elwyn,Geffe
206,Debera,Swalwel
207,Valerye,Hoult
208,Jacqueline,Englefield
209,Ingram,Lamberto
210,Granger,Maier
211,Alidia,Margetts
212,Brynn,Eagell
213,Brandtr,Neads
214,Alvy,Mogenot
215,Lurette,Melan
216,Yolanda,Goutcher
217,Terrance,Bradwell
218,Idalia,Twinberrow
219,Vasili,Bickers
220,Elvis,Loney
221,Sloan,Boshard
222,Whitman,Manville
223,Hamlin,Ballendine
224,Dare,Drust
225,Ida,McGall
226,Zandra,Downgate
227,Barbe,Strover
228,Euphemia,Bruins
229,Cart,Spinozzi
230,Victoir,Laste
231,Tandi,Drakes
232,Chrissy,Howat
233,Kaitlyn,Steer
234,Northrup,Tanton
235,Eleonora,Cumo
236,Mack,Dongall
237,Yorgo,Beinke
238,Carey,Batthew
239,Heida,Stowte
240,Oralee,Haskell
241,Loreen,Libreros
242,Domeniga,Cherm
243,Reinaldos,Caldeyroux
244,Dominique,Moehler
245,Cassius,Galliver
246,Gaelan,Prescote
247,Duane,Kalinsky
248,Fidel,Jager
249,Amery,Purvess
250,Lilia,Bullivant
251,Gregg,Tape
252,Artemus,Heersma
253,Julietta,Locock
254,Eda,Goldsberry
255,Marijo,Lamont
256,Vincents,Loadsman
257,Tamarah,Pinhorn
258,Granthem,Bedenham
259,Meredithe,Pinxton
260,Enrika,Mangin
261,Isobel,Tregidgo
262,Aleen,Jurewicz
263,Matteo,Cossey
264,Freida,Ambroz
265,Clyve,Knowles
266,Elvira,Scotchbrook
267,Adina,Ager
268,Madelaine,Jurca
269,Alastair,Shipton
270,Ninon,Tomaskunas
271,Alley,McClure
272,Arthur,Siggens
273,Daron,Roalfe
274,Hedy,Esberger
275,Ania,Mosdell
276,Minna,Thys
277,Lenard,Yarnton
278,Nady,Imms
279,Margalit,Jouhning
280,Davida,Scutts
281,Louis,Grastye
282,Bari,Woodburn
283,Matthaeus,Camplin
284,Knox,Rodrigo
285,Denna,Finlaison
286,Angelia,Grovier
287,Geno,Codlin
288,Osbourn,Swadling
289,Wendie,Feore
290,Duffy,Verna
291,Pauline,Southern
292,Sheelagh,Cammomile
293,Joachim,Horsell
294,Tandy,Fasler
295,Jermain,Skentelbery
296,Randy,Colum
297,Bernie,Puttergill
298,Tori,Beirne
299,Lauri,Keogh
300,Holli,Kleint
301,Mitchel,Verzey
302,Malachi,Izatson
303,Finn,Paffley
304,Lorianna,Cofax
305,Alvis,Gepp
306,Thomas,Anfossi
307,Merle,Hallewell
308,Fancy,Middle
309,Corie,Beekmann
310,Hildy,Prendeguest
311,Ximenez,Gonthier
312,Cordy,d' Elboux
313,Jaimie,Seaborne
314,Kali,Wordsworth
315,Geri,Cowburn
316,Ebonee,Leathart
317,Josephina,Northill
318,Minny,Thomassen
319,Rasla,Haggath
320,Reine,Rhoddie
321,Codi,Cushelly
322,Rochette,Drinnan
323,Roberto,Nials
324,Trixy,O'Hare
325,Saxon,Henriksson
326,Owen,Simonelli
327,Georgette,Castellino
328,Spenser,Marskell
329,Nils,Lait
330,Emmanuel,Massinger
331,Alessandra,Standall
332,Jannel,Maruska
333,Lionello,Gillyatt
334,Karlen,Wilcher
335,Peyter,Sulman
336,Kathryne,Yukhnini
337,Irena,Fernley
338,Arv,Ivakhin
339,Jordan,Peltzer
340,Roderic,Kennon
341,Read,Redemile
342,Jed,Hofer
343,Thibaut,Veracruysse
344,Lorinda,O'Fogerty
345,Yvette,Dawks
346,Michell,Abdey
347,Larry,Counihan
348,Sara,Rooke
349,Andriette,Sertin
350,Karly,Gladdifh
351,Hilton,Dobbison
352,Deborah,Hugnin
353,Ellissa,Wisedale
354,Suki,Hablot
355,Saidee,Eastham
356,Darrel,Dullard
357,Palm,Garfield
358,Manny,Dallinder
359,Adolphe,Littlefield
360,Gerhard,Delafont
361,Chlo,Chittleburgh
362,Bill,Aughton
363,Verla,Zimek
364,Kasper,O'Brallaghan
365,Dallis,Barok
366,Homere,Callinan
367,Stesha,Smartman
368,Gregoire,Stubbley
369,Jeniece,Lysaght
370,Garrick,Livsey
371,Mayne,Songer
372,Cathi,Strang
373,Caralie,Halpine
374,Lynne,Yate
375,Orran,Jouen
376,Orion,Morrall
377,Stewart,Grishmanov
378,Yance,Farmar
379,Harmonia,Wightman
380,Analiese,Smales
381,Stanislaw,Brandacci
382,Dud,L'Hommeau
383,Jerrilyn,Skittrell
384,Bo,Burrett
385,Constantina,Vesco
386,Noel,Karlmann
387,Nydia,Piaggia
388,Thomasine,Hardy
389,Claudelle,Lavigne
390,Winfred,Cruttenden
391,Bendix,Foyston
392,Jillene,Handasyde
393,Dorree,Fussen
394,Anabal,Pauer
395,Hodge,Janic
396,Hyacinthie,Dow
397,Darla,Goodacre
398,Richard,Grolle
399,Crysta,Braxay
400,Alta,Feore
401,Ileana,Crowne
402,Joana,Brobak
403,Winthrop,Pulster
404,Ofilia,Duell
405,Taddeo,Gilhespy
406,Pippa,Bartlet
407,Dannel,Dockrey
408,Daryle,Gebbe
409,Marielle,Tilberry
410,Kaylil,Tomaskunas
411,Roshelle,Stocking
412,Casper,Sturley
413,Kalli,Tasseler
414,Timmy,MacCoughen
415,Ray,Rosenwasser
416,Annalee,Andrieux
417,Arny,Purcell
418,Glenna,Schubuser
419,Roy,Philpott
420,Maurie,Shanklin
421,Frants,Bere
422,Eddy,Losebie
423,Barney,Chittenden
424,Kacie,Strover
425,Hoebart,Langridge
426,Jeanine,Baigent
427,Sanson,Cotes
428,Deloria,Broster
429,Spike,Antonoczyk
430,Jenica,De Brett
431,Alisander,Budik
432,Matthaeus,Snowsill
433,Chlo,Dreini
434,Sayers,Baulcombe
435,Bealle,Regitz
436,Alberto,Tomalin
437,Kurtis,Babinski
438,Norrie,Ubsdall
439,Idalina,Twizell
440,Rollins,Eim
441,Brand,Kimblen
442,Bridie,Kondratovich
443,Zack,Scoates
444,Ardelle,Cabedo
445,Ermentrude,Leonard
446,Curcio,Dugmore
447,Fedora,Gidden
448,Farrel,Robeiro
449,Hannis,Karran
450,Nikaniki,Hopewell
451,Gale,Manes
452,Gal,Adriani
453,Ingamar,Karpeev
454,Moritz,Candish
455,Lorens,Parades
456,Kaile,Mullins
457,Valle,Stoffler
458,Tracey,Fleetwood
459,Channa,Rossoni
460,Kipper,Barsham
461,Angelica,Hames
462,Kalle,Dulson
463,Tucker,Hurich
464,Francoise,McLorinan
465,Waiter,Reisenstein
466,Nessy,Lansly
467,Kiele,Roll
468,Elwood,Ingarfill
469,Brigham,Riggott
470,Ariela,O'Kuddyhy
471,Illa,Makinson
472,Elsbeth,Halsho
473,Arabela,Mathison
474,Corrinne,McNevin
475,Querida,Haddow
476,Mame,Noriega
477,Wini,Welberry
478,Broderic,Gommowe
479,Sheila-kathryn,Bonin
480,Artair,Grigg
481,Shena,Whannel
482,Kellen,Laverty
483,Templeton,Franzewitch
484,Lari,Squires
485,Gayel,O'Hogertie
486,Fred,Wrighton
487,Madelyn,McCrillis
488,Rivy,Hayers
489,Egbert,Scardifield
490,Ardelia,O' Dornan
491,Brannon,Cooling
492,Bettine,Rivett
493,Wenda,Riquet
494,Camala,Marran
495,Tobi,Bariball
496,Percival,Joyce
497,Tammy,Gallihaulk
498,Scarface,Lerner
499,Tanney,Birts
500,Madelyn,Wrigley
501,Jaquelyn,Peyzer
502,Brianna,Feige
503,Katerine,Thexton
504,Mersey,Tolcharde
505,Pia,Maiden
506,Burke,Clelle
507,Collen,Playfair
508,Millie,Esp
509,Merilee,Pither
510,Julie,O'Corr
511,Buckie,Dargan
512,Mae,Dundendale
513,Debbi,Ringsell
514,Ewen,Scrase
515,Kyrstin,Highnam
516,Garrett,Weatherill
517,Briny,Fillis
518,Katha,Yoakley
519,Bat,Goscomb
520,Jeralee,Bosence
521,Estevan,Cammack
522,Kaiser,Grattage
523,Thibaud,Mee
524,Wallis,Circuit
525,Idalia,Pickburn
526,Cami,Biaggiotti
527,Salim,Graber
528,Sigismond,Lamplugh
529,Eustace,Deener
530,Welby,Gerlts
531,Sybila,Commusso
532,Taddeusz,Allsebrook
533,Gertrude,Olenin
534,Fredelia,Filde
535,Hoyt,Glaisner
536,Giffard,Liven
537,Waylin,Tavinor
538,Ulrike,Kenwell
539,Murdoch,Braun
540,Sherlock,Blachford
541,Terrell,Bernhard
542,Bailie,Lepper
543,Bink,Weatherup
544,Betty,Weight
545,Wilek,Bees
546,Krissie,Goulbourne
547,Forbes,Coppeard
548,Kimberly,Sifleet
549,Gracie,Gearing
550,Virgie,Skoughman
551,Johannah,Ballantyne
552,Tammara,Shoorbrooke
553,Lianna,Standon
554,Allis,Vela
555,Dulciana,Konig
556,Hyman,McTeer
557,Shandy,Furniss
558,Justine,Boyse
559,Hebert,Androli
560,Nonna,Tiernan
561,Anet,Stolberg
562,Abraham,Skelding
563,Craig,Harbin
564,Doe,Downgate
565,Brina,Cookes
566,Jemimah,Ranns
567,Emogene,Larkin
568,Alonso,Rubert
569,Baldwin,Chinn
570,Glendon,Dudney
571,Shalna,Brigman
572,Woodman,Cubberley
573,Elisabet,Guilfoyle
574,Dud,Van Saltsberg
575,Tan,Buckbee
576,Katherina,Tieraney
577,Michelina,Jannasch
578,Jacklyn,Bridgman
579,Leila,Crosbie
580,Mae,Blincko
581,Colby,Mocker
582,Igor,McIlmorow
583,Peder,Bracchi
584,Shelby,Longland
585,Saul,Tindall
586,Jarrid,Willwood
587,Jordanna,Attaway
588,Sosanna,Cromblehome
589,Shawna,Rubie
590,Kristan,Josum
591,Annemarie,Bussons
592,Jacobo,Sannes
593,Sophie,Schach
594,Barthel,Cavey
595,Moe,Persehouse
596,Ode,Jakubovits
597,Elysee,Ferrettino
598,Guinevere,Earney
599,Catie,Valenti
600,Rice,Grouer
601,Efren,Lynagh
602,Ignacius,McPhee
603,Charlotta,Treadgear
604,Mathew,Gostage
605,Cy,Stading
606,Renelle,Gethouse
607,Marijn,Ellse
608,Chev,Acutt
609,Doe,Stanyer
610,Alejandra,Grenfell
611,Cristionna,Blades
612,Abner,Laugier
613,Manuel,Mardell
614,Janeen,Gristhwaite
615,Dominique,Cortnay
616,Opaline,Pyser
617,Adolphe,Brouwer
618,Heidi,Barrar
619,Bianca,Schwanden
620,Bronny,Elsmere
621,Stepha,Dymick
622,Vitia,Schanke
623,Wini,Crush
624,Roana,Wakeley
625,Glynda,Divis
626,Cece,Nicholson
627,Melisent,Richens
628,Anastasia,Possa
629,Pace,Maldin
630,Babbie,Dran
631,Talyah,Crunden
632,Dredi,Hoyles
633,Chadd,Penketh
634,Yevette,Tumini
635,Grove,Stather
636,Willi,Alday
637,Oliver,Goutcher
638,Barthel,Syncke
639,Jyoti,Yakobowitz
640,Evangelina,Mariault
641,Jedidiah,Dubbin
642,Kristin,Allaway
643,Reinhold,Barbrick
644,Georgeanna,Solland
645,Micki,McKeachie
646,Prudy,Antonucci
647,Mora,Pablo
648,Alia,Trunkfield
649,Remus,Manuaud
650,Ursulina,Tomlett
651,Murial,Ganiford
652,Rainer,Brayfield
653,Bonnee,Grain
654,Arlan,Shapero
655,Noellyn,Coultard
656,Vita,Muscat
657,Hervey,Burton
658,Thalia,De Blasiis
659,Theodora,Nertney
660,Nicky,Saint
661,Cord,Warrell
662,Lexine,Dominicacci
663,Jessika,Reeks
664,Adham,Wallett
665,Fanny,Melland
666,Tomasine,Riddock
667,Thain,Lowman
668,Glenn,Buche
669,Antoinette,Bodycombe
670,Bartel,Pottle
671,Cleon,Clementet
672,Marcile,Oddie
673,Easter,Tilby
674,Killie,Warbeys
675,Rodie,Slocumb
676,Dorine,Elsie
677,Ikey,Preskett
678,Pauly,McSkin
679,Lesley,Guerry
680,Buffy,Gaiter
681,Jeffy,Keelin
682,Pate,Domotor
683,Almeria,Novis
684,Wolfie,Tramel
685,Alfie,Balchin
686,Tori,Romushkin
687,Rasia,Dykes
688,Niki,Matoshin
689,Denney,Brocklebank
690,Annabal,Paradise
691,Bambie,Picken
692,Sheffie,Gofford
693,Catlin,Pettifor
694,Marlene,Coller
695,Wren,Bulman
696,Tarra,Luckhurst
697,Lesli,Alexsandrovich
698,Simone,Foucar
699,Bartholomeus,Banbrook
700,Elias,Witten
701,Emlyn,Joicey
702,Alvis,Gavrieli
703,Sherlock,Mc Faul
704,Francoise,Jerdon
705,Nigel,Steedman
706,Lenci,Egre
707,Aksel,O'Kennavain
708,Alexandr,Stevani
709,Mil,Derisly
710,Udale,Bassford
711,Nedda,Galbreath
712,Philomena,Thomsson
713,Pablo,Bamlet
714,Gwennie,Proswell
715,Valencia,Comley
716,Veriee,Wethers
717,Leonardo,Wrates
718,Clotilda,Trevascus
719,Maighdiln,McAulay
720,Jeff,Burchall
721,Melisenda,Duferie
722,Lisle,Windebank
723,Aaron,Cuppitt
724,Alexio,Edmonson
725,Chandra,Prayer
726,Lanie,Ablewhite
727,Sadie,Andrichak
728,Rochelle,Nuton
729,Hermy,Damant
730,Howey,Killgus
731,Kaylee,Westrip
732,Livia,Redholls
733,Domini,Gummary
734,Leonie,Spracklin
735,Brynne,Gellibrand
736,Elwyn,Tolcharde
737,Rochelle,Pedder
738,Sophey,Benediktsson
739,Trixy,Loche
740,Lidia,Lantoph
741,Roxane,Orhrt
742,Mason,Sargant
743,Haley,Lethardy
744,Iris,Simmers
745,Allen,Piggford
746,Henrie,Palomba
747,Kata,Stronghill
748,Mellisa,Tuckett
749,Whittaker,Chevalier
750,Sigrid,Hinsche
751,Harvey,Vanyushkin
752,Normy,Alvin
753,Julieta,Giovannoni
754,Catha,Iddenden
755,Eimile,Topping
756,Artur,Lang
757,Bili,Merrell
758,Ivory,Peyntue
759,Jeromy,Durrell
760,Raphael,Rudman
761,Eugene,Bricknall
762,Brandice,Richings
763,Fields,Upchurch
764,Hasheem,MacBean
765,Wren,Doddemeede
766,Giana,Wudeland
767,Bil,Darville
768,Eimile,Gumery
769,Enrika,Lukes
770,Tamiko,Lampitt
771,Lissie,Farres
772,Norry,Staynes
773,Agnese,Shilleto
774,Edythe,Casement
775,Dennet,Wonham
776,Mufi,Osbiston
777,Yolanda,Fiddeman
778,Corbin,Fussie
779,Becka,Mallatratt
780,Bette,Vasechkin
781,Joanne,Aspole
782,Elke,Climson
783,Bev,Kinnen
784,Kristan,Brantl
785,Arlen,Hrinchenko
786,Rebekkah,Tyrrell
787,Marco,Glascott
788,Petronille,Chrystie
789,Vito,Heinrich
790,Ave,Gierck
791,Lincoln,Brychan
792,Zed,Dundredge
793,Sydel,Hubeaux
794,Vernon,Maunder
795,Kristen,MacCarlich
796,Haroun,Defew
797,Arthur,McDugal
798,Merline,Elsby
799,Baxy,Blackey
800,Glennis,Bourgour
801,Rosmunda,Newport
802,Georgianne,Llewellen
803,Tanhya,Linnett
804,Anallese,Plitz
805,Mehetabel,Enrich
806,Bordy,Haskett
807,Lorri,Housam
808,Zuzana,Tremayle
809,Tatiania,Showalter
810,Carmina,Got
811,Odetta,Pavlishchev
812,Armand,Syder
813,Yehudi,Kinch
814,Brennan,Wardhaugh
815,Webb,Conkling
816,Roselin,Rabson
817,Darelle,Farmloe
818,Prudence,Pracy
819,Barbi,McKevany
820,Brit,Drogan
821,Ambrosius,Thumnel
822,Hill,Williamson
823,Ania,Frayne
824,Haley,Cochrane
825,Rosie,O'Neal
826,Tonie,Pechard
827,Melvin,Braunthal
828,Wolfgang,Coolson
829,Edwin,Asch
830,Zita,Rallin
831,Jacquelynn,Bosward
832,Rhody,Jentle
833,Nana,Hanny
834,Jeanne,Broun
835,Marja,Slorance
836,Glynn,Fraczkiewicz
837,Kean,Joska
838,Rowan,Vallis
839,Rosy,Tower
840,Anneliese,Bottrill
841,Sukey,Erni
842,Koren,Gaylord
843,Mona,Shields
844,Hurleigh,Spragg
845,Kevina,Stansfield
846,Leonanie,Pigrome
847,Kass,Peddersen
848,Otto,Benzing
849,Shamus,Chinnery
850,Kingston,Kensitt
851,Susi,Pothbury
852,Deanna,Trowbridge
853,Nikki,Ozelton
854,Kort,De Bischop
855,Omar,Chilles
856,Berkly,Dauney
857,Astrix,Pashen
858,Audi,Tregidgo
859,Chaim,O'Moylan
860,Yorke,Heazel
861,Sal,Rowney
862,Pamella,Sieb
863,Erik,Slemming
864,Ashley,Maghull
865,Kat,Etchells
866,Marcelline,Suarez
867,Gasparo,Braunds
868,Farah,Markovic
869,Bevvy,Penylton
870,Ruthann,Arnolds
871,Abdel,Hynam
872,Tracee,Wedlake
873,Clari,Barmadier
874,Fredek,Lougheed
875,Mayor,MacIlurick
876,Lucio,Manderson
877,Sibilla,Jeandot
878,Trenna,Pranger
879,Dayna,Pryor
880,Bing,Keson
881,Lonny,Zecchii
882,Base,Janczak
883,Belia,Gillespie
884,Joell,Bothwell
885,Virge,Rolls
886,Mallory,Chapelhow
887,Felipa,Muggleton
888,Broddie,O'Cahill
889,Land,Edinboro
890,Samantha,Dowson
891,Sean,Budleigh
892,Audrey,Flanner
893,Minnnie,O'Dowling
894,Clarinda,Fydoe
895,Reggi,McCollum
896,Robbert,Langfat
897,Ivan,Hynson
898,Rogerio,Boughtflower
899,Dale,Masden
900,Ring,Classen
901,Gabe,Moses
902,Arlyn,Latan
903,Rocky,Pearson
904,Wayland,Smythe
905,Shannah,Sentinella
906,Curcio,Smalman
907,Kimberley,Kenninghan
908,Demetra,Linde
909,Sauveur,Prandy
910,Brade,Gribbins
911,Noll,Sim
912,Alyss,Pellman
913,Natassia,Aldersey
914,Lizzy,Cheatle
915,Gerrie,Fairfoull
916,Augy,Backson
917,Ingmar,Veracruysse
918,Giordano,Habishaw
919,Nev,Rizzardi
920,Stern,Bazely
921,Babs,Taffie
922,Matty,Bohje
923,Starlin,Yardy
924,Agosto,Neasam
925,Eveleen,Jallin
926,Oriana,Gresswell
927,Killy,Place
928,Lacie,Manwaring
929,Beckie,Dineges
930,Clyve,Eminson
931,Doralynne,Keoghan
932,Kaitlynn,Verling
933,Sid,Manville
934,Jenelle,Degoey
935,Callida,Castille
936,Gerhard,Kestle
937,Sissy,Gounot
938,Web,Skitch
939,Riordan,Braddick
940,Mariejeanne,Pudsall
941,Avictor,Cater
942,Dorette,Mobbs
943,Claretta,MacGee
944,Jakob,Petters
945,Isabel,Lusk
946,Crichton,Elmar
947,Bil,Salvin
948,Shir,Meyer
949,Gaspar,Pfaffe
950,Jobyna,Laver
951,Adolphe,Bick
952,Carin,Calendar
953,Hestia,Martyns
954,Ortensia,Narey
955,Ransell,Maybury
956,Morley,Sugars
957,Gerry,Cordero
958,Vinnie,Wiz
959,Blondy,Favill
960,Corrinne,Kristoffersson
961,Doyle,Cawthery
962,Amandy,Verney
963,Rebbecca,Trow
964,Terrye,Hiley
965,Terrance,Breslane
966,Bruce,Rounsefell
967,Munmro,Henriques
968,Jackqueline,Timblett
969,Aida,Lukesch
970,Giselbert,Fryett
971,Sigmund,Zumbusch
972,Ellwood,Anstey
973,Marijn,MacRinn
974,Calli,Maryon
975,Sheba,Tomczynski
976,Gibby,Trelease
977,Estel,Piggens
978,Raf,Conman
979,Garwood,Corcoran
980,Gabe,Tott
981,Lambert,Bubbings
982,Siana,Sloane
983,Raul,Markwick
984,Hartley,Rengger
985,Faustina,Huertas
986,Eileen,Dewfall
987,Adriano,Fer
988,Farlee,Toretta
989,Auberta,Dixson
990,Salomi,Ilyasov
991,Avigdor,Flann
992,Emmalynn,Cartmale
993,Farrell,Marlor
994,Chrysler,Scase
995,Godwin,Rieger
996,Alexandrina,Simonetto
997,Shauna,Smidmoor
998,Ursala,Sullens
999,Nina,Swanne
1000,Ebeneser,Feron